{"createdAt": 1497631403, "publicationAppendEnabled": false, "viewCount": 226, "owner": {"profileImageUrlMedium": "/api/users/hdau-ky3t/profile_images/THUMB", "profileImageUrlSmall": "/api/users/hdau-ky3t/profile_images/TINY", "screenName": "Nick Snider", "profileImageUrlLarge": "/api/users/hdau-ky3t/profile_images/LARGE", "type": "interactive", "displayName": "Nick Snider", "id": "hdau-ky3t"}, "grants": [{"flags": ["public"], "inherited": false, "type": "viewer"}], "rowsUpdatedAt": 1497631971, "query": {}, "viewLastModified": 1522879165, "publicationDate": 1497632003, "hideFromDataJson": false, "license": {"termsLink": "http://creativecommons.org/publicdomain/zero/1.0/legalcode", "logoUrl": "images/licenses/ccZero.png", "name": "Creative Commons 1.0 Universal (Public Domain Dedication)"}, "rowsUpdatedBy": "hdau-ky3t", "publicationStage": "published", "tableAuthor": {"profileImageUrlMedium": "/api/users/hdau-ky3t/profile_images/THUMB", "profileImageUrlSmall": "/api/users/hdau-ky3t/profile_images/TINY", "screenName": "Nick Snider", "profileImageUrlLarge": "/api/users/hdau-ky3t/profile_images/LARGE", "type": "interactive", "displayName": "Nick Snider", "id": "hdau-ky3t"}, "indexUpdatedAt": 1522879178, "hideFromCatalog": false, "averageRating": 0, "rowClass": "", "oid": 26196176, "description": "Bike Share data from LA Metro, pulled from https://bikeshare.metro.net/about/data/", "publicationGroup": 14269080, "rights": ["read"], "category": "A Livable and Sustainable City", "provenance": "official", "name": "Metro Bike Share Trip Data", "totalTimesRated": 0, "flags": ["default", "restorable", "restorePossibleForType"], "displayType": "table", "licenseId": "CC0_10", "columns": [{"tableColumnId": 48913906, "width": 184, "renderTypeName": "number", "id": 306883529, "fieldName": "trip_id", "position": 2, "cachedContents": {"non_null": 132427, "largest": "23794218", "top": [{"count": 20, "item": "23652333"}, {"count": 19, "item": "23652331"}, {"count": 18, "item": "23652332"}, {"count": 17, "item": "23656666"}, {"count": 16, "item": "23656665"}, {"count": 15, "item": "23656664"}, {"count": 14, "item": "23652330"}, {"count": 13, "item": "23656662"}, {"count": 12, "item": "23656661"}, {"count": 11, "item": "23656660"}, {"count": 10, "item": "23656659"}, {"count": 9, "item": "23656658"}, {"count": 8, "item": "23656657"}, {"count": 7, "item": "23656656"}, {"count": 6, "item": "23661008"}, {"count": 5, "item": "23656655"}, {"count": 4, "item": "23656654"}, {"count": 3, "item": "23661005"}, {"count": 2, "item": "23656653"}, {"count": 1, "item": "23664842"}], "sum": "1526884959750", "smallest": "1912818", "null": 0, "average": "11530012.45780694"}, "format": {}, "dataTypeName": "number", "name": "Trip ID"}, {"tableColumnId": 48913907, "width": 196, "renderTypeName": "number", "id": 306883530, "fieldName": "duration", "position": 3, "cachedContents": {"non_null": 132427, "largest": "86400", "top": [{"count": 20, "item": "180"}, {"count": 19, "item": "300"}, {"count": 18, "item": "420"}, {"count": 17, "item": "600"}, {"count": 16, "item": "960"}, {"count": 15, "item": "720"}, {"count": 14, "item": "360"}, {"count": 13, "item": "120"}, {"count": 12, "item": "660"}, {"count": 11, "item": "480"}, {"count": 10, "item": "1320"}, {"count": 9, "item": "1200"}, {"count": 8, "item": "240"}, {"count": 7, "item": "1140"}, {"count": 6, "item": "1020"}, {"count": 5, "item": "540"}, {"count": 4, "item": "840"}, {"count": 3, "item": "900"}, {"count": 2, "item": "1080"}, {"count": 1, "item": "1260"}], "sum": "205963920", "smallest": "60", "null": 0, "average": "1555.301562370212"}, "format": {}, "dataTypeName": "number", "name": "Duration"}, {"tableColumnId": 48913908, "width": 220, "renderTypeName": "calendar_date", "id": 306883531, "fieldName": "start_time", "position": 4, "cachedContents": {"top": [{"count": 20, "item": "2017-03-31T20:23:00"}, {"count": 19, "item": "2017-03-31T20:26:00"}, {"count": 18, "item": "2017-03-31T20:27:00"}, {"count": 17, "item": "2017-03-31T20:28:00"}, {"count": 16, "item": "2017-03-31T20:51:00"}, {"count": 15, "item": "2017-03-31T21:12:00"}, {"count": 14, "item": "2017-03-31T21:32:00"}, {"count": 13, "item": "2017-03-31T21:40:00"}, {"count": 12, "item": "2017-03-31T22:05:00"}, {"count": 11, "item": "2017-03-31T22:06:00"}, {"count": 10, "item": "2017-03-31T22:17:00"}, {"count": 9, "item": "2017-03-31T22:21:00"}, {"count": 8, "item": "2017-03-31T22:23:00"}, {"count": 7, "item": "2017-03-31T22:26:00"}, {"count": 6, "item": "2017-03-31T22:27:00"}, {"count": 5, "item": "2017-03-31T22:30:00"}, {"count": 4, "item": "2017-03-31T22:47:00"}, {"count": 3, "item": "2017-03-31T22:48:00"}, {"count": 2, "item": "2017-03-31T23:02:00"}, {"count": 1, "item": "2017-03-31T23:15:00"}], "non_null": 132427, "smallest": "2016-07-07T04:17:00", "null": 0, "largest": "2017-03-31T23:45:00"}, "format": {}, "dataTypeName": "calendar_date", "name": "Start Time"}, {"tableColumnId": 48913909, "width": 196, "renderTypeName": "calendar_date", "id": 306883532, "fieldName": "end_time", "position": 5, "cachedContents": {"top": [{"count": 20, "item": "2017-03-31T18:27:00"}, {"count": 19, "item": "2017-03-31T20:21:00"}, {"count": 18, "item": "2017-03-31T20:42:00"}, {"count": 17, "item": "2017-03-31T21:41:00"}, {"count": 16, "item": "2017-03-31T20:53:00"}, {"count": 15, "item": "2017-03-31T21:16:00"}, {"count": 14, "item": "2017-03-31T21:21:00"}, {"count": 13, "item": "2017-03-31T21:57:00"}, {"count": 12, "item": "2017-03-31T22:02:00"}, {"count": 11, "item": "2017-03-31T22:00:00"}, {"count": 10, "item": "2017-03-31T22:27:00"}, {"count": 9, "item": "2017-03-31T23:16:00"}, {"count": 8, "item": "2017-03-31T22:44:00"}, {"count": 7, "item": "2017-04-01T00:15:00"}, {"count": 6, "item": "2017-04-01T18:15:00"}, {"count": 5, "item": "2017-04-01T20:17:00"}, {"count": 4, "item": "2017-03-31T23:24:00"}, {"count": 3, "item": "2017-03-31T23:25:00"}, {"count": 2, "item": "2017-03-31T23:35:00"}, {"count": 1, "item": "2017-03-31T23:42:00"}], "non_null": 132427, "smallest": "2016-07-07T04:20:00", "null": 0, "largest": "2017-04-02T10:32:00"}, "format": {}, "dataTypeName": "calendar_date", "name": "End Time"}, {"tableColumnId": 48913910, "width": 328, "renderTypeName": "number", "id": 306883533, "fieldName": "starting_station_id", "position": 6, "cachedContents": {"non_null": 132408, "largest": "4108", "top": [{"count": 20, "item": "3014"}, {"count": 19, "item": "3022"}, {"count": 18, "item": "3031"}, {"count": 17, "item": "3063"}, {"count": 16, "item": "3042"}, {"count": 15, "item": "3006"}, {"count": 14, "item": "3034"}, {"count": 13, "item": "3005"}, {"count": 12, "item": "3030"}, {"count": 11, "item": "3055"}, {"count": 10, "item": "3049"}, {"count": 9, "item": "3067"}, {"count": 8, "item": "3035"}, {"count": 7, "item": "3038"}, {"count": 6, "item": "3069"}, {"count": 5, "item": "3064"}, {"count": 4, "item": "3048"}, {"count": 3, "item": "3082"}, {"count": 2, "item": "3068"}, {"count": 1, "item": "3027"}], "sum": "402920292", "smallest": "3000", "null": 19, "average": "3043.020754032989"}, "format": {}, "dataTypeName": "number", "name": "Starting Station ID"}, {"tableColumnId": 48913911, "width": 400, "renderTypeName": "number", "id": 306883534, "fieldName": "starting_station_latitude", "position": 7, "cachedContents": {"non_null": 132379, "largest": "34.0642815", "top": [{"count": 20, "item": "34.04681"}, {"count": 19, "item": "34.044701"}, {"count": 18, "item": "34.04855"}, {"count": 17, "item": "34.05661"}, {"count": 16, "item": "34.051941"}, {"count": 15, "item": "34.04652"}, {"count": 14, "item": "34.05088"}, {"count": 13, "item": "34.045181"}, {"count": 12, "item": "34.04607"}, {"count": 11, "item": "34.041691"}, {"count": 10, "item": "34.049301"}, {"count": 9, "item": "34.046822"}, {"count": 8, "item": "34.048401"}, {"count": 7, "item": "34.0532"}, {"count": 6, "item": "34.044159"}, {"count": 5, "item": "34.042061"}, {"count": 4, "item": "34.056969"}, {"count": 3, "item": "34.049198"}, {"count": 2, "item": "34.05048"}, {"count": 1, "item": "34.047749"}], "sum": "4506089.6541155", "smallest": "0", "null": 48, "average": "34.03930875830381"}, "format": {}, "dataTypeName": "number", "name": "Starting Station Latitude"}, {"tableColumnId": 48913912, "width": 412, "renderTypeName": "number", "id": 306883535, "fieldName": "starting_station_longitude", "position": 8, "cachedContents": {"non_null": 132379, "largest": "0", "top": [{"count": 20, "item": "-118.24353"}, {"count": 19, "item": "-118.256981"}, {"count": 18, "item": "-118.252441"}, {"count": 17, "item": "-118.259048"}, {"count": 16, "item": "-118.237213"}, {"count": 15, "item": "-118.237411"}, {"count": 14, "item": "-118.248253"}, {"count": 13, "item": "-118.238808"}, {"count": 12, "item": "-118.250237"}, {"count": 11, "item": "-118.251579"}, {"count": 10, "item": "-118.233093"}, {"count": 9, "item": "-118.260948"}, {"count": 8, "item": "-118.235352"}, {"count": 7, "item": "-118.248352"}, {"count": 6, "item": "-118.250954"}, {"count": 5, "item": "-118.263382"}, {"count": 4, "item": "-118.253593"}, {"count": 3, "item": "-118.252831"}, {"count": 2, "item": "-118.254593"}, {"count": 1, "item": "-118.243172"}], "sum": "-15650048.457920", "smallest": "-118.472832", "null": 48, "average": "-118.2215340644664"}, "format": {}, "dataTypeName": "number", "name": "Starting Station Longitude"}, {"tableColumnId": 48913913, "width": 304, "renderTypeName": "number", "id": 306883536, "fieldName": "ending_station_id", "position": 9, "cachedContents": {"non_null": 132331, "largest": "4108", "top": [{"count": 20, "item": "3014"}, {"count": 19, "item": "3005"}, {"count": 18, "item": "3031"}, {"count": 17, "item": "3030"}, {"count": 16, "item": "3063"}, {"count": 15, "item": "3006"}, {"count": 14, "item": "3042"}, {"count": 13, "item": "3035"}, {"count": 12, "item": "3022"}, {"count": 11, "item": "3038"}, {"count": 10, "item": "3067"}, {"count": 9, "item": "3034"}, {"count": 8, "item": "3069"}, {"count": 7, "item": "3032"}, {"count": 6, "item": "3064"}, {"count": 5, "item": "3048"}, {"count": 4, "item": "3023"}, {"count": 3, "item": "3082"}, {"count": 2, "item": "3049"}, {"count": 1, "item": "3062"}], "sum": "402602077", "smallest": "3000", "null": 96, "average": "3042.386719665082"}, "format": {}, "dataTypeName": "number", "name": "Ending Station ID"}, {"tableColumnId": 48913914, "width": 376, "renderTypeName": "number", "id": 306883537, "fieldName": "ending_station_latitude", "position": 10, "cachedContents": {"non_null": 131376, "largest": "34.0642815", "top": [{"count": 20, "item": "34.04652"}, {"count": 19, "item": "34.044701"}, {"count": 18, "item": "34.04855"}, {"count": 17, "item": "34.04681"}, {"count": 16, "item": "34.05661"}, {"count": 15, "item": "34.049301"}, {"count": 14, "item": "34.04607"}, {"count": 13, "item": "34.05088"}, {"count": 12, "item": "34.051941"}, {"count": 11, "item": "34.048401"}, {"count": 10, "item": "34.046822"}, {"count": 9, "item": "34.042061"}, {"count": 8, "item": "34.049198"}, {"count": 7, "item": "34.045181"}, {"count": 6, "item": "34.049889"}, {"count": 5, "item": "34.041691"}, {"count": 4, "item": "34.050911"}, {"count": 3, "item": "34.047749"}, {"count": 2, "item": "34.056969"}, {"count": 1, "item": "34.04211"}], "sum": "4471331.4826317", "smallest": "0", "null": 1051, "average": "34.03461425703096"}, "format": {}, "dataTypeName": "number", "name": "Ending Station Latitude"}, {"tableColumnId": 48913915, "width": 388, "renderTypeName": "number", "id": 306883538, "fieldName": "ending_station_longitude", "position": 11, "cachedContents": {"non_null": 131376, "largest": "0", "top": [{"count": 20, "item": "-118.24353"}, {"count": 19, "item": "-118.237411"}, {"count": 18, "item": "-118.259048"}, {"count": 17, "item": "-118.252441"}, {"count": 16, "item": "-118.237213"}, {"count": 15, "item": "-118.256981"}, {"count": 14, "item": "-118.238808"}, {"count": 13, "item": "-118.233093"}, {"count": 12, "item": "-118.248253"}, {"count": 11, "item": "-118.250237"}, {"count": 10, "item": "-118.260948"}, {"count": 9, "item": "-118.252831"}, {"count": 8, "item": "-118.248352"}, {"count": 7, "item": "-118.263382"}, {"count": 6, "item": "-118.256668"}, {"count": 5, "item": "-118.255882"}, {"count": 4, "item": "-118.235352"}, {"count": 3, "item": "-118.240967"}, {"count": 2, "item": "-118.243172"}, {"count": 1, "item": "-118.253593"}], "sum": "-15529515.743421", "smallest": "-118.472832", "null": 1051, "average": "-118.2066415739633"}, "format": {}, "dataTypeName": "number", "name": "Ending Station Longitude"}, {"tableColumnId": 48913916, "width": 184, "renderTypeName": "number", "id": 306883539, "fieldName": "bike_id", "position": 12, "cachedContents": {"non_null": 132417, "largest": "6728", "top": [{"count": 20, "item": "5863"}, {"count": 19, "item": "6007"}, {"count": 18, "item": "5859"}, {"count": 17, "item": "5771"}, {"count": 16, "item": "5979"}, {"count": 15, "item": "6053"}, {"count": 14, "item": "6641"}, {"count": 13, "item": "6238"}, {"count": 12, "item": "6326"}, {"count": 11, "item": "6072"}, {"count": 10, "item": "5997"}, {"count": 9, "item": "6146"}, {"count": 8, "item": "5850"}, {"count": 7, "item": "6579"}, {"count": 6, "item": "5767"}, {"count": 5, "item": "6100"}, {"count": 4, "item": "6247"}, {"count": 3, "item": "6311"}, {"count": 2, "item": "6049"}, {"count": 1, "item": "6441"}], "sum": "820140431", "smallest": "1349", "null": 10, "average": "6193.618878240709"}, "format": {}, "dataTypeName": "number", "name": "Bike ID"}, {"tableColumnId": 48913917, "width": 256, "renderTypeName": "number", "id": 306883540, "fieldName": "plan_duration", "position": 13, "cachedContents": {"non_null": 131661, "largest": "365", "top": [{"count": 20, "item": "30"}, {"count": 19, "item": "365"}, {"count": 18, "item": "0"}], "sum": "5901305", "smallest": "0", "null": 766, "average": "44.82196702136548"}, "format": {}, "dataTypeName": "number", "name": "Plan Duration"}, {"tableColumnId": 48913918, "width": 328, "renderTypeName": "text", "id": 306883541, "fieldName": "trip_route_category", "position": 14, "cachedContents": {"top": [{"count": 20, "item": "Round Trip"}, {"count": 19, "item": "One Way"}], "non_null": 132427, "smallest": "One Way", "null": 0, "largest": "Round Trip"}, "format": {}, "dataTypeName": "text", "name": "Trip Route Category"}, {"tableColumnId": 48913919, "width": 280, "renderTypeName": "text", "id": 306883542, "fieldName": "passholder_type", "position": 15, "cachedContents": {"top": [{"count": 20, "item": "Monthly Pass"}, {"count": 19, "item": "Flex Pass"}, {"count": 18, "item": "Walk-up"}, {"count": 17, "item": "Staff Annual"}], "non_null": 132427, "smallest": "Flex Pass", "null": 0, "largest": "Walk-up"}, "format": {}, "dataTypeName": "text", "name": "Passholder Type"}, {"tableColumnId": 48913920, "width": 304, "renderTypeName": "location", "id": 306883543, "fieldName": "starting_lat_long", "subColumnTypes": ["human_address", "latitude", "longitude", "machine_address", "needs_recoding"], "position": 16, "cachedContents": {"top": [{"count": 20, "item": {"latitude": "34.04681", "longitude": "-118.256981"}}, {"count": 19, "item": {"latitude": "34.044701", "longitude": "-118.252441"}}, {"count": 18, "item": {"latitude": "34.04855", "longitude": "-118.259048"}}, {"count": 17, "item": {"latitude": "34.05661", "longitude": "-118.237213"}}, {"count": 16, "item": {"latitude": "34.051941", "longitude": "-118.24353"}}, {"count": 15, "item": {"latitude": "34.04652", "longitude": "-118.237411"}}, {"count": 14, "item": {"latitude": "34.05088", "longitude": "-118.248253"}}, {"count": 13, "item": {"latitude": "34.045181", "longitude": "-118.250237"}}, {"count": 12, "item": {"latitude": "34.04607", "longitude": "-118.233093"}}, {"count": 11, "item": {"latitude": "34.041691", "longitude": "-118.235352"}}, {"count": 10, "item": {"latitude": "34.049301", "longitude": "-118.238808"}}, {"count": 9, "item": {"latitude": "34.046822", "longitude": "-118.248352"}}, {"count": 8, "item": {"latitude": "34.048401", "longitude": "-118.260948"}}, {"count": 7, "item": {"latitude": "34.0532", "longitude": "-118.250954"}}, {"count": 6, "item": {"latitude": "34.044159", "longitude": "-118.251579"}}, {"count": 5, "item": {"latitude": "34.042061", "longitude": "-118.263382"}}, {"count": 4, "item": {"latitude": "34.056969", "longitude": "-118.253593"}}, {"count": 3, "item": {"latitude": "34.049198", "longitude": "-118.252831"}}, {"count": 2, "item": {"latitude": "34.05048", "longitude": "-118.254593"}}, {"count": 1, "item": {"latitude": "34.047749", "longitude": "-118.243172"}}], "non_null": 98622, "smallest": {"latitude": "34.0566101", "longitude": "-118.23721"}, "null": 33805, "largest": {"latitude": "34.05302", "longitude": "-118.247948"}}, "format": {}, "dataTypeName": "location", "name": "Starting Lat-Long"}, {"tableColumnId": 48913921, "width": 280, "renderTypeName": "location", "id": 306883544, "fieldName": "ending_lat_long", "subColumnTypes": ["human_address", "latitude", "longitude", "machine_address", "needs_recoding"], "position": 17, "cachedContents": {"top": [{"count": 20, "item": {"latitude": "34.04652", "longitude": "-118.237411"}}, {"count": 19, "item": {"latitude": "34.044701", "longitude": "-118.252441"}}, {"count": 18, "item": {"latitude": "34.04855", "longitude": "-118.259048"}}, {"count": 17, "item": {"latitude": "34.04681", "longitude": "-118.256981"}}, {"count": 16, "item": {"latitude": "34.05661", "longitude": "-118.237213"}}, {"count": 15, "item": {"latitude": "34.049301", "longitude": "-118.238808"}}, {"count": 14, "item": {"latitude": "34.04607", "longitude": "-118.233093"}}, {"count": 13, "item": {"latitude": "34.05088", "longitude": "-118.248253"}}, {"count": 12, "item": {"latitude": "34.051941", "longitude": "-118.24353"}}, {"count": 11, "item": {"latitude": "34.048401", "longitude": "-118.260948"}}, {"count": 10, "item": {"latitude": "34.046822", "longitude": "-118.248352"}}, {"count": 9, "item": {"latitude": "34.042061", "longitude": "-118.263382"}}, {"count": 8, "item": {"latitude": "34.049198", "longitude": "-118.252831"}}, {"count": 7, "item": {"latitude": "34.045181", "longitude": "-118.250237"}}, {"count": 6, "item": {"latitude": "34.049889", "longitude": "-118.255882"}}, {"count": 5, "item": {"latitude": "34.041691", "longitude": "-118.235352"}}, {"count": 4, "item": {"latitude": "34.050911", "longitude": "-118.240967"}}, {"count": 3, "item": {"latitude": "34.047749", "longitude": "-118.243172"}}, {"count": 2, "item": {"latitude": "34.056969", "longitude": "-118.253593"}}, {"count": 1, "item": {"latitude": "34.04211", "longitude": "-118.256187"}}], "non_null": 131376, "smallest": {"latitude": "34.0566101", "longitude": "-118.23721"}, "null": 1051, "largest": {"latitude": "34.048851", "longitude": "-118.246422"}}, "format": {}, "dataTypeName": "location", "name": "Ending Lat-Long"}], "downloadCount": 304, "numberOfComments": 0, "newBackend": false, "tags": ["transportation", "bikes"], "tableId": 14269098, "viewType": "tabular", "id": "sii9-rjps", "metadata": {"renderTypeConfig": {"visible": {"table": true}}, "rdfClass": "", "rdfSubject": "0", "custom_fields": {"Committed Update Frequency": {"Refresh rate": "Quarterly"}, "Data Owner": {"Department": "Mayor's Office"}, "Location Specified": {"Does this data have a Location column? (Yes or No)": "Yes", "What geographic unit is the data collected?": "Latitude/longitude"}}, "rowLabel": "", "availableDisplayTypes": ["table", "fatrow", "page"], "rowIdentifier": "0"}}